theta_rx_deg,voltage_gain,power_gain,gain_db,rx_power,tx_power,correlation
-90.0,0.133179966903153,0.01773690358432493,-17.511221947418786,0.011085564740203084,0.6250000000000001,1.0000000000000002
-60.0,0.06640557260729854,0.0044097000733031985,-23.555909481600544,0.0027560625458144996,0.6250000000000001,1.0
-30.0,0.11803356213348264,0.013931921789918707,-18.559889722199795,0.008707451118699193,0.6250000000000001,1.0000000000000002
0.0,0.2235727967276891,0.04998479543664059,-13.011620809073186,0.03124049714790037,0.6250000000000001,1.0
10.0,0.4089014087997238,0.16720036211839884,-7.767627863117625,0.10450022632399929,0.6250000000000001,1.0000000000000002
20.0,1.0,1.0,0.0,0.6250000000000001,0.6250000000000001,1.0
30.0,0.4658422529093396,0.21700900459564915,-6.635222451142968,0.13563062787228072,0.6250000000000001,1.0
60.0,0.050647845109217215,0.002565204214207258,-25.908780552800383,0.0016032526338795366,0.6250000000000001,1.0
90.0,0.13317996690315245,0.01773690358432478,-17.51122194741882,0.011085564740202992,0.6250000000000001,0.9999999999999998
