sensors,source_angle_deg,spectrum_db_at_source
8.0,-15.0,-0.0009397063503578418
8.0,25.0,-0.9461405300843116
16.0,-15.0,0.0
16.0,25.0,-0.9585747437544183
